path,lba,size,sectors,head_hex,head_ascii,type
/IRX/IOPRP250.IMG,352,264897,130,52 45 53 45 54 00 00 00 00 00 08 00 00 00 00 00,RESET...........,unknown
/IRX/IOPRP255.IMG,482,264449,130,52 45 53 45 54 00 00 00 00 00 08 00 00 00 00 00,RESET...........,unknown
/IRX/MCMAN.IRX,612,95517,47,7f 45 4c 46 01 01 01 00 00 00 00 00 00 00 00 00,.ELF............,ELF (MIPS executable/module)
/IRX/MCSERV.IRX,659,7417,4,7f 45 4c 46 01 01 01 00 00 00 00 00 00 00 00 00,.ELF............,ELF (MIPS executable/module)
/IRX/MSIFRPC.IRX,663,7377,4,7f 45 4c 46 01 01 01 00 00 00 00 00 00 00 00 00,.ELF............,ELF (MIPS executable/module)
/IRX/PADMAN.IRX,667,44917,22,7f 45 4c 46 01 01 01 00 00 00 00 00 00 00 00 00,.ELF............,ELF (MIPS executable/module)
/IRX/SIO2MAN.IRX,689,6553,4,7f 45 4c 46 01 01 01 00 00 00 00 00 00 00 00 00,.ELF............,ELF (MIPS executable/module)
/MOVIE/E601_001.IPS,693,24741888,12081,0c 00 00 00 00 88 79 01 49 50 53 30 00 00 00 00,......y.IPS0....,unknown
/MOVIE/E602_001.IPS,12774,255868928,124936,0c 00 00 00 00 40 40 0f 49 50 53 30 00 00 00 00,.....@@.IPS0....,unknown
/MOVIE/E607_001.IPS,137710,112582656,54972,0c 00 00 00 00 e0 b5 06 49 50 53 30 00 00 00 00,........IPS0....,unknown
/MOVIE/E611_001.IPS,192682,111984640,54680,0c 00 00 00 00 c0 ac 06 49 50 53 30 00 00 00 00,........IPS0....,unknown
/MOVIE/E613_001.IPS,247362,222011392,108404,0c 00 00 00 00 a0 3b 0d 49 50 53 30 00 00 00 00,......;.IPS0....,unknown
/MOVIE/E613_002.IPS,355766,39929856,19497,0c 00 00 00 00 48 61 02 49 50 53 30 00 00 00 00,.....Ha.IPS0....,unknown
/MOVIE/E615_001.IPS,375263,53946368,26341,0c 00 00 00 00 28 37 03 49 50 53 30 00 00 00 00,.....(7.IPS0....,unknown
/MOVIE/E616_002.IPS,401604,13568000,6625,0c 00 00 00 00 08 cf 00 49 50 53 30 00 00 00 00,........IPS0....,unknown
/MOVIE/E626_001.IPS,408229,117129216,57192,0c 00 00 00 00 40 fb 06 49 50 53 30 00 00 00 00,.....@..IPS0....,unknown
/MOVIE/E632_001.IPS,465421,129015808,62996,0c 00 00 00 00 a0 b0 07 49 50 53 30 00 00 00 00,........IPS0....,unknown
/MOVIE/E632_002.IPS,528417,2586624,1263,0c 00 00 00 00 78 27 00 49 50 53 30 00 00 00 00,.....x'.IPS0....,unknown
/MOVIE/E633_001.IPS,529680,99315712,48494,0c 00 00 00 00 70 eb 05 49 50 53 30 00 00 00 00,.....p..IPS0....,unknown
/MOVIE/E633_002.IPS,578174,99475456,48572,0c 00 00 00 00 e0 ed 05 49 50 53 30 00 00 00 00,........IPS0....,unknown
/MOVIE/E635_001.IPS,626746,82083840,40080,0c 00 00 00 00 80 e4 04 49 50 53 30 00 00 00 00,........IPS0....,unknown
/MOVIE/E635_002.IPS,666826,10901504,5323,0c 00 00 00 00 58 a6 00 49 50 53 30 00 00 00 00,.....X..IPS0....,unknown
/MOVIE/E635_003.IPS,672149,5470208,2671,0c 00 00 00 00 78 53 00 49 50 53 30 00 00 00 00,.....xS.IPS0....,unknown
/MOVIE/E640_001.IPS,674820,42067968,20541,0c 00 00 00 00 e8 81 02 49 50 53 30 00 00 00 00,........IPS0....,unknown
/MOVIE/E642_001.IPS,695361,24307712,11869,0c 00 00 00 00 e8 72 01 49 50 53 30 00 00 00 00,......r.IPS0....,unknown
/MOVIE/E644_001.IPS,707230,84684800,41350,0c 00 00 00 00 30 0c 05 49 50 53 30 00 00 00 00,.....0..IPS0....,unknown
/MOVIE/E648_001.IPS,748580,11966464,5843,0c 00 00 00 00 98 b6 00 49 50 53 30 00 00 00 00,........IPS0....,unknown
/MOVIE/E650_001.IPS,754423,98004992,47854,0c 00 00 00 00 70 d7 05 49 50 53 30 00 00 00 00,.....p..IPS0....,unknown
/MOVIE/E652_001.IPS,802277,106237952,51874,0c 00 00 00 00 10 55 06 49 50 53 30 00 00 00 00,......U.IPS0....,unknown
/MOVIE/E654_001.IPS,854151,90791936,44332,0c 00 00 00 00 60 69 05 49 50 53 30 00 00 00 00,.....`i.IPS0....,unknown
/MOVIE/E654_002.IPS,898483,57571328,28111,0c 00 00 00 00 78 6e 03 49 50 53 30 00 00 00 00,.....xn.IPS0....,unknown
/MOVIE/E654_003.IPS,926594,55965696,27327,0c 00 00 00 00 f8 55 03 49 50 53 30 00 00 00 00,......U.IPS0....,unknown
/MOVIE/E655_001.IPS,953921,126369792,61704,0c 00 00 00 00 40 88 07 49 50 53 30 00 00 00 00,.....@..IPS0....,unknown
/MOVIE/E656_001.IPS,1015625,51017728,24911,0c 00 00 00 00 78 0a 03 49 50 53 30 00 00 00 00,.....x..IPS0....,unknown
/MOVIE/E657_001.IPS,1040536,145070080,70835,0c 00 00 00 00 98 a5 08 49 50 53 30 00 00 00 00,........IPS0....,unknown
/MOVIE/E658_001.IPS,1111371,143931392,70279,0c 00 00 00 00 38 94 08 49 50 53 30 00 00 00 00,.....8..IPS0....,unknown
/MOVIE/E663_001.IPS,1181650,20948992,10229,0c 00 00 00 00 a8 3f 01 49 50 53 30 00 00 00 00,......?.IPS0....,unknown
/MOVIE2/E659_001.IPS,1191879,43300864,21143,0c 00 00 00 00 b8 94 02 49 50 53 30 00 00 00 00,........IPS0....,unknown
/MOVIE2/E662_001.IPS,1213022,18466816,9017,0c 00 00 00 00 c8 19 01 49 50 53 30 00 00 00 00,........IPS0....,unknown
/MOVIE2/END01.IPU,1222039,2872363,1403,69 70 75 6d 23 d4 2b 00 80 01 00 01 d2 00 00 00,ipum#.+.........,unknown
/MOVIE2/END02.IPU,1223442,4524773,2210,69 70 75 6d dd 0a 45 00 80 01 00 01 d2 00 00 00,ipum..E.........,unknown
/MOVIE2/END03.IPU,1225652,2435858,1190,69 70 75 6d 0a 2b 25 00 80 01 00 01 d2 00 00 00,ipum.+%.........,unknown
/MOVIE2/END04.IPU,1226842,3091324,1510,69 70 75 6d 74 2b 2f 00 80 01 00 01 d2 00 00 00,ipumt+/.........,unknown
/MOVIE2/END05.IPU,1228352,4895313,2391,69 70 75 6d 49 b2 4a 00 80 01 00 01 d2 00 00 00,ipumI.J.........,unknown
/MOVIE2/END06.IPU,1230743,5226345,2552,69 70 75 6d 61 bf 4f 00 80 01 00 01 d2 00 00 00,ipuma.O.........,unknown
/MOVIE2/END07.IPU,1233295,3923541,1916,69 70 75 6d 4d de 3b 00 80 01 00 01 d2 00 00 00,ipumM.;.........,unknown
/MOVIE2/END08.IPU,1235211,3715332,1815,69 70 75 6d fc b0 38 00 80 01 00 01 d2 00 00 00,ipum..8.........,unknown
/MOVIE2/END09.IPU,1237026,5104581,2493,69 70 75 6d bd e3 4d 00 80 01 00 01 d2 00 00 00,ipum..M.........,unknown
/MOVIE2/END10.IPU,1239519,4232838,2067,69 70 75 6d 7e 96 40 00 80 01 00 01 d2 00 00 00,ipum~.@.........,unknown
/MOVIE2/END11.IPU,1241586,4750073,2320,69 70 75 6d f1 7a 48 00 80 01 00 01 d2 00 00 00,ipum.zH.........,unknown
/MOVIE2/END12.IPU,1243906,5137735,2509,69 70 75 6d 3f 65 4e 00 80 01 00 01 d2 00 00 00,ipum?eN.........,unknown
/MOVIE2/END13.IPU,1246415,5227871,2553,69 70 75 6d 57 c5 4f 00 80 01 00 01 d2 00 00 00,ipumW.O.........,unknown
/MOVIE2/END14.IPU,1248968,3835556,1873,69 70 75 6d 9c 86 3a 00 80 01 00 01 d2 00 00 00,ipum..:.........,unknown
/MOVIE2/END15.IPU,1250841,2667257,1303,69 70 75 6d f1 b2 28 00 80 01 00 01 d2 00 00 00,ipum..(.........,unknown
/MOVIE2/G_OVER.IPS,1252144,11044864,5393,0c 00 00 00 00 88 a8 00 49 50 53 30 00 00 00 00,........IPS0....,unknown
/MOVIE2/LOG_ANI.IPU,1257537,2834260,1384,69 70 75 6d 4c 3f 2b 00 00 02 c0 01 91 00 00 00,ipumL?+.........,unknown
/MOVIE2/TITLE.IPS,1258921,113680384,55508,0c 00 00 00 00 a0 c6 06 49 50 53 30 00 00 00 00,........IPS0....,unknown
/SOUNDIRX/LIBSD.IRX,1314429,28573,14,7f 45 4c 46 01 01 01 00 00 00 00 00 00 00 00 00,.ELF............,ELF (MIPS executable/module)
/SOUNDIRX/MODHSYN.IRX,1314443,59501,30,7f 45 4c 46 01 01 01 00 00 00 00 00 00 00 00 00,.ELF............,ELF (MIPS executable/module)
/SOUNDIRX/MODMIDI.IRX,1314473,21965,11,7f 45 4c 46 01 01 01 00 00 00 00 00 00 00 00 00,.ELF............,ELF (MIPS executable/module)
/SOUNDIRX/MODMSIN.IRX,1314484,1929,1,7f 45 4c 46 01 01 01 00 00 00 00 00 00 00 00 00,.ELF............,ELF (MIPS executable/module)
/SOUNDIRX/SDRDRV.IRX,1314485,8089,4,7f 45 4c 46 01 01 01 00 00 00 00 00 00 00 00 00,.ELF............,ELF (MIPS executable/module)
/USERIRX/SDFIOP.IRX,1314489,2857,2,7f 45 4c 46 01 01 01 00 00 00 00 00 00 00 00 00,.ELF............,ELF (MIPS executable/module)
/USERIRX/SDFIOPFL.IRX,1314491,3113,2,7f 45 4c 46 01 01 01 00 00 00 00 00 00 00 00 00,.ELF............,ELF (MIPS executable/module)
/USERIRX/SDFSDMAN.IRX,1314493,41349,21,7f 45 4c 46 01 01 01 00 00 00 00 00 00 00 00 00,.ELF............,ELF (MIPS executable/module)
/DDS3.DDT,1314514,191968,94,00 00 00 00 0c 00 00 00 e9 ff ff ff 20 01 00 00,............ ...,unknown
/DDS3.IMG,1314608,1509355520,736990,7f 45 4c 46 01 01 01 00 00 00 00 00 00 00 00 00,.ELF............,ELF (MIPS executable/module)
/SLUS_209.74,2051598,2895680,1414,7f 45 4c 46 01 01 01 00 00 00 00 00 00 00 00 00,.ELF............,ELF (MIPS executable/module)
/SYSTEM.CNF,2053012,51,1,42 4f 4f 54 32 3d 63 64 72 6f 6d 30 3a 5c 53 4c,BOOT2=cdrom0:\SL,unknown
/ZZZ100MB.DAT,2053013,111657600,54521,0b 00 00 00 00 00 00 00 41 50 43 4d 00 00 00 00,........APCM....,unknown
/ZZZ200MB.DAT,2107534,223315200,109041,0b 00 00 00 00 00 00 00 41 50 43 4d 00 00 00 00,........APCM....,unknown
